{
    "messageList":[
        {
            "msg_id":1,
            "name":"John",
            "msg_title":"Morning Visit",
            "descp":"Nullam tempus libero sit amet sapien condimentum, sit amet ullamcorper tortor sollicitudin. In lobortis pretium leo et dapibus. Donec elit ipsum, semper at consequat eu, egestas sollicitudin nibh. Aenean non iaculis urna, nec varius turpis. Integer ac neque ut dolor porta commodo. Maecenas semper arcu sit amet metus varius, quis scelerisque odio imperdiet. Nunc nec magna id quam posuere fermentum. Suspendisse eu tempor lectus, eget sagittis libero.Nullam tempus libero sit amet sapien condimentum, sit amet ullamcorper tortor sollicitudin. In lobortis pretium leo et dapibus. Donec elit ipsum, semper at consequat eu, egestas sollicitudin nibh. Aenean non iaculis urna, nec varius turpis. Integer ac neque ut dolor porta commodo. Maecenas semper arcu sit amet metus varius, quis scelerisque odio imperdiet. Nunc nec magna id quam posuere fermentum. Suspendisse eu tempor lectus, eget sagittis libero.",
            "create_date": "03-01-2021 00:00 AM",
            "supp_date": "",
            "read_flag": 1
        },
        {
            "msg_id":2,
            "name":"Carl",
            "msg_title":"Afternoon Visit",
            "descp":"Nullam tempus libero sit amet sapien condimentum, sit amet ullamcorper tortor sollicitudin. In lobortis pretium leo et dapibus. Donec elit ipsum, semper at consequat eu, egestas sollicitudin nibh. Aenean non iaculis urna, nec varius turpis. Integer ac neque ut dolor porta commodo. Maecenas semper arcu sit amet metus varius, quis scelerisque odio imperdiet. Nunc nec magna id quam posuere fermentum. Suspendisse eu tempor lectus, eget sagittis libero.",
            "create_date": "03-01-2021 12:20 PM",
            "supp_date": "",
            "read_flag": 1
        },
        {
            "msg_id":3,
            "name":"Admin Manager",
            "msg_title":"Evening Visit",
            "descp":"Nullam tempus libero sit amet sapien condimentum, sit amet ullamcorper tortor sollicitudin. In lobortis pretium leo et dapibus. Donec elit ipsum, semper at consequat eu, egestas sollicitudin nibh. Aenean non iaculis urna, nec varius turpis. Integer ac neque ut dolor porta commodo. Maecenas semper arcu sit amet metus varius, quis scelerisque odio imperdiet. Nunc nec magna id quam posuere fermentum. Suspendisse eu tempor lectus, eget sagittis libero.",
            "create_date": "02-28-2021 08:00 PM",
            "supp_date": "",
            "read_flag": 1
        },
        {
            "msg_id":4,
            "name":"Doe",
            "msg_title":"Enter your hours",
            "descp":"Nullam tempus libero sit amet sapien condimentum, sit amet ullamcorper tortor sollicitudin. In lobortis pretium leo et dapibus. Donec elit ipsum, semper at consequat eu, egestas sollicitudin nibh. Aenean non iaculis urna, nec varius turpis. Integer ac neque ut dolor porta commodo. Maecenas semper arcu sit amet metus varius, quis scelerisque odio imperdiet. Nunc nec magna id quam posuere fermentum. Suspendisse eu tempor lectus, eget sagittis libero.Nullam tempus libero sit amet sapien condimentum, sit amet ullamcorper tortor sollicitudin. In lobortis pretium leo et dapibus. Donec elit ipsum, semper at consequat eu, egestas sollicitudin nibh. Aenean non iaculis urna, nec varius turpis. Integer ac neque ut dolor porta commodo. Maecenas semper arcu sit amet metus varius, quis scelerisque odio imperdiet. Nunc nec magna id quam posuere fermentum. Suspendisse eu tempor lectus, eget sagittis libero.",
            "create_date": "02-27-2021 09:29 PM",
            "supp_date": "",
            "read_flag": 1
        },
        {
            "msg_id":5,
            "name":"Langley",
            "msg_title":"Swap shifts",
            "descp":"Nullam tempus libero sit amet sapien condimentum, sit amet ullamcorper tortor sollicitudin. In lobortis pretium leo et dapibus. Donec elit ipsum, semper at consequat eu, egestas sollicitudin nibh. Aenean non iaculis urna, nec varius turpis. Integer ac neque ut dolor porta commodo. Maecenas semper arcu sit amet metus varius, quis scelerisque odio imperdiet. Nunc nec magna id quam posuere fermentum. Suspendisse eu tempor lectus, eget sagittis libero.",
            "create_date": "02-26-2021 10:00 AM",
            "supp_date": "",
            "read_flag": 0
        },
        {
            "msg_id":6,
            "name":"William",
            "msg_title":"How to unlock the issues?",
            "descp":"Nullam tempus libero sit amet sapien condimentum, sit amet ullamcorper tortor sollicitudin. In lobortis pretium leo et dapibus. Donec elit ipsum, semper at consequat eu, egestas sollicitudin nibh. Aenean non iaculis urna, nec varius turpis. Integer ac neque ut dolor porta commodo. Maecenas semper arcu sit amet metus varius, quis scelerisque odio imperdiet. Nunc nec magna id quam posuere fermentum. Suspendisse eu tempor lectus, eget sagittis libero.",
            "create_date": "02-25-2021 5:30 PM",
            "supp_date": "",
            "read_flag": 0
        },
        {
            "msg_id":7,
            "name":"Steven",
            "msg_title":"Late",
            "descp":"Nullam tempus libero sit amet sapien condimentum, sit amet ullamcorper tortor sollicitudin. In lobortis pretium leo et dapibus. Donec elit ipsum, semper at consequat eu, egestas sollicitudin nibh. Aenean non iaculis urna, nec varius turpis. Integer ac neque ut dolor porta commodo. Maecenas semper arcu sit amet metus varius, quis scelerisque odio imperdiet. Nunc nec magna id quam posuere fermentum. Suspendisse eu tempor lectus, eget sagittis libero.Nullam tempus libero sit amet sapien condimentum, sit amet ullamcorper tortor sollicitudin. In lobortis pretium leo et dapibus. Donec elit ipsum, semper at consequat eu, egestas sollicitudin nibh. Aenean non iaculis urna, nec varius turpis. Integer ac neque ut dolor porta commodo. Maecenas semper arcu sit amet metus varius, quis scelerisque odio imperdiet. Nunc nec magna id quam posuere fermentum. Suspendisse eu tempor lectus, eget sagittis libero.",
            "create_date": "02-24-2021 07:00 PM",
            "supp_date": "",
            "read_flag": 0
        }
    ]
}
